<?xml version="1.0" encoding="UTF-8"?><rss version="2.0"
	xmlns:content="http://purl.org/rss/1.0/modules/content/"
	xmlns:wfw="http://wellformedweb.org/CommentAPI/"
	xmlns:dc="http://purl.org/dc/elements/1.1/"
	xmlns:atom="http://www.w3.org/2005/Atom"
	xmlns:sy="http://purl.org/rss/1.0/modules/syndication/"
	xmlns:slash="http://purl.org/rss/1.0/modules/slash/"
	>

<channel>
	<title>Uncategorized &#8211; Gebaeudekuehlung</title>
	<atom:link href="http://localhost/wordpress/category/uncategorized/feed/?simply_static_page=334" rel="self" type="application/rss+xml" />
	<link>http://gebaeudekuehlung.de</link>
	<description>Just another WordPress site</description>
	<lastBuildDate>Wed, 01 Jun 2022 14:14:01 +0000</lastBuildDate>
	<language>en-US</language>
	<sy:updatePeriod>
	hourly	</sy:updatePeriod>
	<sy:updateFrequency>
	1	</sy:updateFrequency>
	<generator>https://wordpress.org/?v=6.2.2</generator>
	<item>
		<title>Hello world!</title>
		<link>http://gebaeudekuehlung.de/2022/06/01/hello-world/</link>
					<comments>http://gebaeudekuehlung.de/2022/06/01/hello-world/#comments</comments>
		
		<dc:creator><![CDATA[Elisa]]></dc:creator>
		<pubDate>Wed, 01 Jun 2022 14:14:01 +0000</pubDate>
				<category><![CDATA[Uncategorized]]></category>
		<guid isPermaLink="false">http://gebaeudekuehlung.de/?p=1</guid>

					<description><![CDATA[Welcome to WordPress. This is your first post. Edit or delete it, then start writing!]]></description>
										<content:encoded><![CDATA[
<p>Welcome to WordPress. This is your first post. Edit or delete it, then start writing!</p>
]]></content:encoded>
					
					<wfw:commentRss>http://gebaeudekuehlung.de/2022/06/01/hello-world/feed/</wfw:commentRss>
			<slash:comments>1</slash:comments>
		
		
			</item>
	</channel>
</rss>
